,image,scanner,scanner_version,scanner_db_version,time,low_cve_cnt,med_cve_cnt,high_cve_cnt,crit_cve_cnt,unknown_cve_cnt,tot_cve_cnt,digest
0,cgr.dev/chainguard/go:latest,grype,0.66.0,sha256:55652857837edad37ba9df9c521b355f3c235489ff82159fe38c91dbd3608ac3,2023-09-05 14:33:40,0,0,0,0,0,0,sha256:6d0563119b9d1212aae367c15ad2ec66f528b290e25f76f081cc435b77150f6c
1,cgr.dev/chainguard/nginx:latest,grype,0.66.0,sha256:55652857837edad37ba9df9c521b355f3c235489ff82159fe38c91dbd3608ac3,2023-09-05 14:33:54,0,0,0,0,0,0,sha256:6fc88127201c4338e2278501a52714abb1dedbb664f936eee0927488df5545b3
2,cgr.dev/chainguard/php:latest,grype,0.66.0,sha256:55652857837edad37ba9df9c521b355f3c235489ff82159fe38c91dbd3608ac3,2023-09-05 14:33:56,0,0,0,0,0,0,sha256:1494501b1a5fde549a159e45847eeb9ae0a63ecbb13d610dd572e86f3988f300
3,golang:latest,grype,0.66.0,sha256:55652857837edad37ba9df9c521b355f3c235489ff82159fe38c91dbd3608ac3,2023-09-05 14:34:04,6,47,32,3,9,330,sha256:b490ae1f0ece153648dd3c5d25be59a63f966b5f9e1311245c947de4506981aa
4,nginx:latest,grype,0.66.0,sha256:55652857837edad37ba9df9c521b355f3c235489ff82159fe38c91dbd3608ac3,2023-09-05 14:34:18,4,20,4,0,4,103,sha256:104c7c5c54f2685f0f46f3be607ce60da7085da3eaa5ad22d3d9f01594295e9c
5,php:latest,grype,0.66.0,sha256:55652857837edad37ba9df9c521b355f3c235489ff82159fe38c91dbd3608ac3,2023-09-05 14:34:22,4,41,22,1,9,291,sha256:e9d411a8129908e227187f2b941f21deed9d574fbb275332fd1df5a0bd38f6c9
6,cgr.dev/chainguard/go:latest,grype,0.66.0,sha256:55652857837edad37ba9df9c521b355f3c235489ff82159fe38c91dbd3608ac3,2023-09-04 14:34:04,0,0,0,0,0,0,sha256:6d0563119b9d1212aae367c15ad2ec66f528b290e25f76f081cc435b77150f6c
7,cgr.dev/chainguard/nginx:latest,grype,0.66.0,sha256:55652857837edad37ba9df9c521b355f3c235489ff82159fe38c91dbd3608ac3,2023-09-04 14:34:21,0,0,0,0,0,0,sha256:6fc88127201c4338e2278501a52714abb1dedbb664f936eee0927488df5545b3
8,cgr.dev/chainguard/php:latest,grype,0.66.0,sha256:55652857837edad37ba9df9c521b355f3c235489ff82159fe38c91dbd3608ac3,2023-09-04 14:34:24,0,0,0,0,0,0,sha256:1494501b1a5fde549a159e45847eeb9ae0a63ecbb13d610dd572e86f3988f300
9,golang:latest,grype,0.66.0,sha256:55652857837edad37ba9df9c521b355f3c235489ff82159fe38c91dbd3608ac3,2023-09-04 14:34:34,6,47,32,3,9,330,sha256:b490ae1f0ece153648dd3c5d25be59a63f966b5f9e1311245c947de4506981aa
10,nginx:latest,grype,0.66.0,sha256:55652857837edad37ba9df9c521b355f3c235489ff82159fe38c91dbd3608ac3,2023-09-04 14:34:54,4,20,4,0,4,103,sha256:104c7c5c54f2685f0f46f3be607ce60da7085da3eaa5ad22d3d9f01594295e9c
11,php:latest,grype,0.66.0,sha256:55652857837edad37ba9df9c521b355f3c235489ff82159fe38c91dbd3608ac3,2023-09-04 14:35:00,4,41,22,1,9,291,sha256:e9d411a8129908e227187f2b941f21deed9d574fbb275332fd1df5a0bd38f6c9
12,cgr.dev/chainguard/go:latest,grype,0.66.0,sha256:1c9ed4e75cf07368f9b331772935d960c2c8cd3ab44af95cade0208080a32fbb,2023-09-03 14:33:59,0,0,0,0,0,0,sha256:23b2b0f2adb0ac395a604693c92b259226b299f3ee8878a7e2c1c335aadedecf
13,cgr.dev/chainguard/nginx:latest,grype,0.66.0,sha256:1c9ed4e75cf07368f9b331772935d960c2c8cd3ab44af95cade0208080a32fbb,2023-09-03 14:34:14,0,0,0,0,0,0,sha256:be53bec1a9d609f5cfc4ed2d9ad46a7e97ad4c0462c6db685331fecb28583d10
14,cgr.dev/chainguard/php:latest,grype,0.66.0,sha256:1c9ed4e75cf07368f9b331772935d960c2c8cd3ab44af95cade0208080a32fbb,2023-09-03 14:34:17,0,0,0,0,0,0,sha256:9c153e68c9f1ed3dade0377ed75be89e76b57b8f55c3fb6da8918f04de9d4502
15,golang:latest,grype,0.66.0,sha256:1c9ed4e75cf07368f9b331772935d960c2c8cd3ab44af95cade0208080a32fbb,2023-09-03 14:34:25,6,47,32,3,9,330,sha256:b490ae1f0ece153648dd3c5d25be59a63f966b5f9e1311245c947de4506981aa
16,nginx:latest,grype,0.66.0,sha256:1c9ed4e75cf07368f9b331772935d960c2c8cd3ab44af95cade0208080a32fbb,2023-09-03 14:34:41,4,20,4,0,4,103,sha256:104c7c5c54f2685f0f46f3be607ce60da7085da3eaa5ad22d3d9f01594295e9c
17,php:latest,grype,0.66.0,sha256:1c9ed4e75cf07368f9b331772935d960c2c8cd3ab44af95cade0208080a32fbb,2023-09-03 14:34:46,4,41,22,1,9,291,sha256:e9d411a8129908e227187f2b941f21deed9d574fbb275332fd1df5a0bd38f6c9
18,cgr.dev/chainguard/go:latest,grype,0.66.0,sha256:94c7adbce174088facc307bcde25996b88f56263186d4d5af5fdf98d38b16439,2023-09-02 14:33:49,0,0,0,0,0,0,sha256:23b2b0f2adb0ac395a604693c92b259226b299f3ee8878a7e2c1c335aadedecf
19,cgr.dev/chainguard/nginx:latest,grype,0.66.0,sha256:94c7adbce174088facc307bcde25996b88f56263186d4d5af5fdf98d38b16439,2023-09-02 14:34:16,0,0,0,0,0,0,sha256:be53bec1a9d609f5cfc4ed2d9ad46a7e97ad4c0462c6db685331fecb28583d10
20,cgr.dev/chainguard/php:latest,grype,0.66.0,sha256:94c7adbce174088facc307bcde25996b88f56263186d4d5af5fdf98d38b16439,2023-09-02 14:34:18,0,0,0,0,0,0,sha256:9c153e68c9f1ed3dade0377ed75be89e76b57b8f55c3fb6da8918f04de9d4502
21,golang:latest,grype,0.66.0,sha256:94c7adbce174088facc307bcde25996b88f56263186d4d5af5fdf98d38b16439,2023-09-02 14:34:27,6,47,32,2,9,329,sha256:b490ae1f0ece153648dd3c5d25be59a63f966b5f9e1311245c947de4506981aa
22,nginx:latest,grype,0.66.0,sha256:94c7adbce174088facc307bcde25996b88f56263186d4d5af5fdf98d38b16439,2023-09-02 14:34:41,4,20,4,0,4,103,sha256:104c7c5c54f2685f0f46f3be607ce60da7085da3eaa5ad22d3d9f01594295e9c
23,php:latest,grype,0.66.0,sha256:94c7adbce174088facc307bcde25996b88f56263186d4d5af5fdf98d38b16439,2023-09-02 14:34:45,4,41,22,0,9,290,sha256:e9d411a8129908e227187f2b941f21deed9d574fbb275332fd1df5a0bd38f6c9
24,cgr.dev/chainguard/go:latest,grype,0.66.0,sha256:5db8bddae95f375db7186527c7554311e9ddc41e815ef2dbc28dc5d206ef2c7b,2023-09-01 14:34:03,0,0,0,0,0,0,sha256:23b2b0f2adb0ac395a604693c92b259226b299f3ee8878a7e2c1c335aadedecf
25,cgr.dev/chainguard/nginx:latest,grype,0.66.0,sha256:5db8bddae95f375db7186527c7554311e9ddc41e815ef2dbc28dc5d206ef2c7b,2023-09-01 14:34:19,0,0,0,0,0,0,sha256:be53bec1a9d609f5cfc4ed2d9ad46a7e97ad4c0462c6db685331fecb28583d10
26,cgr.dev/chainguard/php:latest,grype,0.66.0,sha256:5db8bddae95f375db7186527c7554311e9ddc41e815ef2dbc28dc5d206ef2c7b,2023-09-01 14:34:22,0,0,0,0,0,0,sha256:7d2e8fca5c0dd53612b85fbf53a1a432c36e5d17896a24c3155f642c6501fad4
27,golang:latest,grype,0.66.0,sha256:5db8bddae95f375db7186527c7554311e9ddc41e815ef2dbc28dc5d206ef2c7b,2023-09-01 14:34:31,6,47,28,2,11,327,sha256:b490ae1f0ece153648dd3c5d25be59a63f966b5f9e1311245c947de4506981aa
28,nginx:latest,grype,0.66.0,sha256:5db8bddae95f375db7186527c7554311e9ddc41e815ef2dbc28dc5d206ef2c7b,2023-09-01 14:34:49,4,20,3,0,2,100,sha256:104c7c5c54f2685f0f46f3be607ce60da7085da3eaa5ad22d3d9f01594295e9c
29,php:latest,grype,0.66.0,sha256:5db8bddae95f375db7186527c7554311e9ddc41e815ef2dbc28dc5d206ef2c7b,2023-09-01 14:34:54,4,41,22,0,7,288,sha256:887c97a638b86bd22c1b8e1b4b69fd0e5ccf9ebb02aaef71ec773e9dce67dfed
30,cgr.dev/chainguard/go:latest,grype,0.65.2,sha256:911c05ea7c2a5f993758e5428c614914384c2a8265d7e2b0edb843799d62626c,2023-08-31 14:33:44,0,0,0,0,0,0,sha256:23b2b0f2adb0ac395a604693c92b259226b299f3ee8878a7e2c1c335aadedecf
31,cgr.dev/chainguard/nginx:latest,grype,0.65.2,sha256:911c05ea7c2a5f993758e5428c614914384c2a8265d7e2b0edb843799d62626c,2023-08-31 14:33:58,0,0,0,0,0,0,sha256:be53bec1a9d609f5cfc4ed2d9ad46a7e97ad4c0462c6db685331fecb28583d10
32,cgr.dev/chainguard/php:latest,grype,0.65.2,sha256:911c05ea7c2a5f993758e5428c614914384c2a8265d7e2b0edb843799d62626c,2023-08-31 14:34:01,0,0,0,0,0,0,sha256:7d2e8fca5c0dd53612b85fbf53a1a432c36e5d17896a24c3155f642c6501fad4
33,golang:latest,grype,0.65.2,sha256:911c05ea7c2a5f993758e5428c614914384c2a8265d7e2b0edb843799d62626c,2023-08-31 14:34:08,6,43,28,2,15,327,sha256:b490ae1f0ece153648dd3c5d25be59a63f966b5f9e1311245c947de4506981aa
34,nginx:latest,grype,0.65.2,sha256:911c05ea7c2a5f993758e5428c614914384c2a8265d7e2b0edb843799d62626c,2023-08-31 14:34:23,4,19,3,0,3,100,sha256:104c7c5c54f2685f0f46f3be607ce60da7085da3eaa5ad22d3d9f01594295e9c
35,php:latest,grype,0.65.2,sha256:911c05ea7c2a5f993758e5428c614914384c2a8265d7e2b0edb843799d62626c,2023-08-31 14:34:28,4,40,22,0,8,288,sha256:887c97a638b86bd22c1b8e1b4b69fd0e5ccf9ebb02aaef71ec773e9dce67dfed
36,cgr.dev/chainguard/go:latest,grype,0.65.2,sha256:a2942dc1d39871ef0e3ff82ef6771d0ca1152abfe9703477d36f86fb48e3dc8f,2023-08-30 14:33:47,0,0,0,0,0,0,sha256:6fee3fff87854aa6e4762c7998c127436a68b09877f9c1010deca35e0f1e27bc
37,cgr.dev/chainguard/nginx:latest,grype,0.65.2,sha256:a2942dc1d39871ef0e3ff82ef6771d0ca1152abfe9703477d36f86fb48e3dc8f,2023-08-30 14:34:02,0,0,0,0,0,0,sha256:cba7c1fa2f1007db182d61f2635f4be07cf01e55dd3362ca7413c3a555a61875
38,cgr.dev/chainguard/php:latest,grype,0.65.2,sha256:a2942dc1d39871ef0e3ff82ef6771d0ca1152abfe9703477d36f86fb48e3dc8f,2023-08-30 14:34:05,0,0,0,0,0,0,sha256:ebbca3863ced517accd6f33753f0227a94f23878bbc4f55c9bf0e682af04ad6d
39,golang:latest,grype,0.65.2,sha256:a2942dc1d39871ef0e3ff82ef6771d0ca1152abfe9703477d36f86fb48e3dc8f,2023-08-30 14:34:12,6,43,28,2,15,327,sha256:b490ae1f0ece153648dd3c5d25be59a63f966b5f9e1311245c947de4506981aa
40,nginx:latest,grype,0.65.2,sha256:a2942dc1d39871ef0e3ff82ef6771d0ca1152abfe9703477d36f86fb48e3dc8f,2023-08-30 14:34:27,4,19,3,0,2,99,sha256:104c7c5c54f2685f0f46f3be607ce60da7085da3eaa5ad22d3d9f01594295e9c
41,php:latest,grype,0.65.2,sha256:a2942dc1d39871ef0e3ff82ef6771d0ca1152abfe9703477d36f86fb48e3dc8f,2023-08-30 14:34:32,4,40,22,0,7,287,sha256:887c97a638b86bd22c1b8e1b4b69fd0e5ccf9ebb02aaef71ec773e9dce67dfed
42,cgr.dev/chainguard/go:latest,grype,0.65.2,sha256:f1c744597ac388e88e0c5b4a6596d49b66071bd927e83e23726a27b0251f6201,2023-08-29 14:33:42,0,0,0,0,0,0,sha256:6fee3fff87854aa6e4762c7998c127436a68b09877f9c1010deca35e0f1e27bc
43,cgr.dev/chainguard/nginx:latest,grype,0.65.2,sha256:f1c744597ac388e88e0c5b4a6596d49b66071bd927e83e23726a27b0251f6201,2023-08-29 14:33:56,0,0,0,0,0,0,sha256:b212b6d0e04fce2c2aa7d0f4bd174e950f6d9202162c08fd5a5ea7b556342ec9
44,cgr.dev/chainguard/php:latest,grype,0.65.2,sha256:f1c744597ac388e88e0c5b4a6596d49b66071bd927e83e23726a27b0251f6201,2023-08-29 14:33:59,0,0,0,0,0,0,sha256:ebbca3863ced517accd6f33753f0227a94f23878bbc4f55c9bf0e682af04ad6d
45,golang:latest,grype,0.65.2,sha256:f1c744597ac388e88e0c5b4a6596d49b66071bd927e83e23726a27b0251f6201,2023-08-29 14:34:06,6,42,28,2,14,325,sha256:b490ae1f0ece153648dd3c5d25be59a63f966b5f9e1311245c947de4506981aa
46,nginx:latest,grype,0.65.2,sha256:f1c744597ac388e88e0c5b4a6596d49b66071bd927e83e23726a27b0251f6201,2023-08-29 14:34:20,4,19,3,0,2,99,sha256:104c7c5c54f2685f0f46f3be607ce60da7085da3eaa5ad22d3d9f01594295e9c
47,php:latest,grype,0.65.2,sha256:f1c744597ac388e88e0c5b4a6596d49b66071bd927e83e23726a27b0251f6201,2023-08-29 14:34:25,4,39,22,0,6,285,sha256:887c97a638b86bd22c1b8e1b4b69fd0e5ccf9ebb02aaef71ec773e9dce67dfed
48,cgr.dev/chainguard/go:latest,grype,0.65.2,sha256:a4605eeab9a54597f5e1186a4e2c55b70366d60d41de811086c2880b0fdaa099,2023-08-28 14:34:03,0,0,0,0,0,0,sha256:6fee3fff87854aa6e4762c7998c127436a68b09877f9c1010deca35e0f1e27bc
49,cgr.dev/chainguard/nginx:latest,grype,0.65.2,sha256:a4605eeab9a54597f5e1186a4e2c55b70366d60d41de811086c2880b0fdaa099,2023-08-28 14:34:18,0,0,0,0,0,0,sha256:b212b6d0e04fce2c2aa7d0f4bd174e950f6d9202162c08fd5a5ea7b556342ec9
50,cgr.dev/chainguard/php:latest,grype,0.65.2,sha256:a4605eeab9a54597f5e1186a4e2c55b70366d60d41de811086c2880b0fdaa099,2023-08-28 14:34:20,0,0,0,0,0,0,sha256:ebbca3863ced517accd6f33753f0227a94f23878bbc4f55c9bf0e682af04ad6d
51,golang:latest,grype,0.65.2,sha256:a4605eeab9a54597f5e1186a4e2c55b70366d60d41de811086c2880b0fdaa099,2023-08-28 14:34:28,6,42,28,2,14,325,sha256:b490ae1f0ece153648dd3c5d25be59a63f966b5f9e1311245c947de4506981aa
52,nginx:latest,grype,0.65.2,sha256:a4605eeab9a54597f5e1186a4e2c55b70366d60d41de811086c2880b0fdaa099,2023-08-28 14:34:45,4,19,3,0,0,97,sha256:104c7c5c54f2685f0f46f3be607ce60da7085da3eaa5ad22d3d9f01594295e9c
53,php:latest,grype,0.65.2,sha256:a4605eeab9a54597f5e1186a4e2c55b70366d60d41de811086c2880b0fdaa099,2023-08-28 14:34:51,4,39,22,0,6,285,sha256:887c97a638b86bd22c1b8e1b4b69fd0e5ccf9ebb02aaef71ec773e9dce67dfed
54,cgr.dev/chainguard/go:latest,grype,0.65.2,sha256:9935497f2bdf09406a338db5719164e86f4d2201fb27e539634d04e452fbec7d,2023-08-27 14:34:12,0,0,0,0,0,0,sha256:6fee3fff87854aa6e4762c7998c127436a68b09877f9c1010deca35e0f1e27bc
55,cgr.dev/chainguard/nginx:latest,grype,0.65.2,sha256:9935497f2bdf09406a338db5719164e86f4d2201fb27e539634d04e452fbec7d,2023-08-27 14:34:29,0,0,0,0,0,0,sha256:b212b6d0e04fce2c2aa7d0f4bd174e950f6d9202162c08fd5a5ea7b556342ec9
56,cgr.dev/chainguard/php:latest,grype,0.65.2,sha256:9935497f2bdf09406a338db5719164e86f4d2201fb27e539634d04e452fbec7d,2023-08-27 14:34:32,0,0,0,0,0,0,sha256:ebbca3863ced517accd6f33753f0227a94f23878bbc4f55c9bf0e682af04ad6d
57,golang:latest,grype,0.65.2,sha256:9935497f2bdf09406a338db5719164e86f4d2201fb27e539634d04e452fbec7d,2023-08-27 14:34:42,6,42,28,2,10,321,sha256:b490ae1f0ece153648dd3c5d25be59a63f966b5f9e1311245c947de4506981aa
58,nginx:latest,grype,0.65.2,sha256:9935497f2bdf09406a338db5719164e86f4d2201fb27e539634d04e452fbec7d,2023-08-27 14:35:03,4,19,3,0,0,97,sha256:104c7c5c54f2685f0f46f3be607ce60da7085da3eaa5ad22d3d9f01594295e9c
59,php:latest,grype,0.65.2,sha256:9935497f2bdf09406a338db5719164e86f4d2201fb27e539634d04e452fbec7d,2023-08-27 14:35:09,4,39,22,0,6,285,sha256:887c97a638b86bd22c1b8e1b4b69fd0e5ccf9ebb02aaef71ec773e9dce67dfed
60,cgr.dev/chainguard/go:latest,grype,0.65.2,sha256:9935497f2bdf09406a338db5719164e86f4d2201fb27e539634d04e452fbec7d,2023-08-26 14:34:01,0,0,0,0,0,0,sha256:6fee3fff87854aa6e4762c7998c127436a68b09877f9c1010deca35e0f1e27bc
61,cgr.dev/chainguard/nginx:latest,grype,0.65.2,sha256:9935497f2bdf09406a338db5719164e86f4d2201fb27e539634d04e452fbec7d,2023-08-26 14:34:17,0,0,0,0,0,0,sha256:b212b6d0e04fce2c2aa7d0f4bd174e950f6d9202162c08fd5a5ea7b556342ec9
62,cgr.dev/chainguard/php:latest,grype,0.65.2,sha256:9935497f2bdf09406a338db5719164e86f4d2201fb27e539634d04e452fbec7d,2023-08-26 14:34:20,0,0,0,0,0,0,sha256:ebbca3863ced517accd6f33753f0227a94f23878bbc4f55c9bf0e682af04ad6d
63,golang:latest,grype,0.65.2,sha256:9935497f2bdf09406a338db5719164e86f4d2201fb27e539634d04e452fbec7d,2023-08-26 14:34:29,6,42,28,2,10,321,sha256:b490ae1f0ece153648dd3c5d25be59a63f966b5f9e1311245c947de4506981aa
64,nginx:latest,grype,0.65.2,sha256:9935497f2bdf09406a338db5719164e86f4d2201fb27e539634d04e452fbec7d,2023-08-26 14:34:48,4,19,3,0,0,97,sha256:104c7c5c54f2685f0f46f3be607ce60da7085da3eaa5ad22d3d9f01594295e9c
65,php:latest,grype,0.65.2,sha256:9935497f2bdf09406a338db5719164e86f4d2201fb27e539634d04e452fbec7d,2023-08-26 14:34:55,4,39,22,0,6,285,sha256:887c97a638b86bd22c1b8e1b4b69fd0e5ccf9ebb02aaef71ec773e9dce67dfed
66,cgr.dev/chainguard/go:latest,grype,0.65.2,sha256:9935497f2bdf09406a338db5719164e86f4d2201fb27e539634d04e452fbec7d,2023-08-25 14:33:46,0,0,0,0,0,0,sha256:5b9c3b0f220e8aadcf7da685d8e464e4df1c8d9780134f132f74947112431dc9
67,cgr.dev/chainguard/nginx:latest,grype,0.65.2,sha256:9935497f2bdf09406a338db5719164e86f4d2201fb27e539634d04e452fbec7d,2023-08-25 14:34:00,0,0,0,0,0,0,sha256:b212b6d0e04fce2c2aa7d0f4bd174e950f6d9202162c08fd5a5ea7b556342ec9
68,cgr.dev/chainguard/php:latest,grype,0.65.2,sha256:9935497f2bdf09406a338db5719164e86f4d2201fb27e539634d04e452fbec7d,2023-08-25 14:34:02,0,0,0,0,0,0,sha256:ebbca3863ced517accd6f33753f0227a94f23878bbc4f55c9bf0e682af04ad6d
69,golang:latest,grype,0.65.2,sha256:9935497f2bdf09406a338db5719164e86f4d2201fb27e539634d04e452fbec7d,2023-08-25 14:34:09,6,42,28,2,10,321,sha256:b490ae1f0ece153648dd3c5d25be59a63f966b5f9e1311245c947de4506981aa
70,nginx:latest,grype,0.65.2,sha256:9935497f2bdf09406a338db5719164e86f4d2201fb27e539634d04e452fbec7d,2023-08-25 14:34:25,4,19,3,0,0,97,sha256:104c7c5c54f2685f0f46f3be607ce60da7085da3eaa5ad22d3d9f01594295e9c
71,php:latest,grype,0.65.2,sha256:9935497f2bdf09406a338db5719164e86f4d2201fb27e539634d04e452fbec7d,2023-08-25 14:34:30,4,39,22,0,6,285,sha256:887c97a638b86bd22c1b8e1b4b69fd0e5ccf9ebb02aaef71ec773e9dce67dfed
72,cgr.dev/chainguard/go:latest,grype,0.65.2,sha256:6d8dd828e65f1f5f3055079b83a146028a189a95f89ddf949bd38d0cf0e3ae2a,2023-08-24 14:33:36,0,0,0,0,0,0,sha256:5b9c3b0f220e8aadcf7da685d8e464e4df1c8d9780134f132f74947112431dc9
73,cgr.dev/chainguard/nginx:latest,grype,0.65.2,sha256:6d8dd828e65f1f5f3055079b83a146028a189a95f89ddf949bd38d0cf0e3ae2a,2023-08-24 14:33:50,0,0,0,0,0,0,sha256:b212b6d0e04fce2c2aa7d0f4bd174e950f6d9202162c08fd5a5ea7b556342ec9
74,cgr.dev/chainguard/php:latest,grype,0.65.2,sha256:6d8dd828e65f1f5f3055079b83a146028a189a95f89ddf949bd38d0cf0e3ae2a,2023-08-24 14:33:56,0,0,0,0,0,0,sha256:ebbca3863ced517accd6f33753f0227a94f23878bbc4f55c9bf0e682af04ad6d
75,golang:latest,grype,0.65.2,sha256:6d8dd828e65f1f5f3055079b83a146028a189a95f89ddf949bd38d0cf0e3ae2a,2023-08-24 14:34:03,6,42,28,2,7,318,sha256:b490ae1f0ece153648dd3c5d25be59a63f966b5f9e1311245c947de4506981aa
76,nginx:latest,grype,0.65.2,sha256:6d8dd828e65f1f5f3055079b83a146028a189a95f89ddf949bd38d0cf0e3ae2a,2023-08-24 14:34:17,4,19,3,0,2,99,sha256:104c7c5c54f2685f0f46f3be607ce60da7085da3eaa5ad22d3d9f01594295e9c
77,php:latest,grype,0.65.2,sha256:6d8dd828e65f1f5f3055079b83a146028a189a95f89ddf949bd38d0cf0e3ae2a,2023-08-24 14:34:21,4,38,22,0,7,285,sha256:887c97a638b86bd22c1b8e1b4b69fd0e5ccf9ebb02aaef71ec773e9dce67dfed
78,cgr.dev/chainguard/go:latest,grype,0.65.2,sha256:6d8dd828e65f1f5f3055079b83a146028a189a95f89ddf949bd38d0cf0e3ae2a,2023-08-23 14:34:00,0,0,0,0,0,0,sha256:5b9c3b0f220e8aadcf7da685d8e464e4df1c8d9780134f132f74947112431dc9
79,cgr.dev/chainguard/nginx:latest,grype,0.65.2,sha256:6d8dd828e65f1f5f3055079b83a146028a189a95f89ddf949bd38d0cf0e3ae2a,2023-08-23 14:34:16,0,0,0,0,0,0,sha256:b212b6d0e04fce2c2aa7d0f4bd174e950f6d9202162c08fd5a5ea7b556342ec9
80,cgr.dev/chainguard/php:latest,grype,0.65.2,sha256:6d8dd828e65f1f5f3055079b83a146028a189a95f89ddf949bd38d0cf0e3ae2a,2023-08-23 14:34:18,0,0,0,0,0,0,sha256:ebbca3863ced517accd6f33753f0227a94f23878bbc4f55c9bf0e682af04ad6d
81,golang:latest,grype,0.65.2,sha256:6d8dd828e65f1f5f3055079b83a146028a189a95f89ddf949bd38d0cf0e3ae2a,2023-08-23 14:34:27,6,42,28,2,7,318,sha256:b490ae1f0ece153648dd3c5d25be59a63f966b5f9e1311245c947de4506981aa
82,nginx:latest,grype,0.65.2,sha256:6d8dd828e65f1f5f3055079b83a146028a189a95f89ddf949bd38d0cf0e3ae2a,2023-08-23 14:34:46,4,19,3,0,2,99,sha256:104c7c5c54f2685f0f46f3be607ce60da7085da3eaa5ad22d3d9f01594295e9c
83,php:latest,grype,0.65.2,sha256:6d8dd828e65f1f5f3055079b83a146028a189a95f89ddf949bd38d0cf0e3ae2a,2023-08-23 14:34:52,4,38,22,0,7,285,sha256:887c97a638b86bd22c1b8e1b4b69fd0e5ccf9ebb02aaef71ec773e9dce67dfed
84,cgr.dev/chainguard/go:latest,grype,0.65.2,sha256:3f9e5487d50a65483aabb892c936a81c9d58b5986c81ac090c845c8dc3b941e0,2023-08-22 14:33:42,0,0,0,0,0,0,sha256:0f36cd5b800b4d6c990cc9ced6c47f5167ee4003123cefcb2fcde4da7ddf6e64
85,cgr.dev/chainguard/nginx:latest,grype,0.65.2,sha256:3f9e5487d50a65483aabb892c936a81c9d58b5986c81ac090c845c8dc3b941e0,2023-08-22 14:33:56,0,0,0,0,0,0,sha256:c25b9d16c063e21e0319479a672d356f963383c7572f73e70ee8d24d7fff0b4a
86,cgr.dev/chainguard/php:latest,grype,0.65.2,sha256:3f9e5487d50a65483aabb892c936a81c9d58b5986c81ac090c845c8dc3b941e0,2023-08-22 14:33:59,0,0,0,0,0,0,sha256:85040c15866963b405bcb4493ee63a312bed915c64b16d717d6f09d8f8674cd4
87,golang:latest,grype,0.65.2,sha256:3f9e5487d50a65483aabb892c936a81c9d58b5986c81ac090c845c8dc3b941e0,2023-08-22 14:34:06,6,42,27,2,8,318,sha256:b490ae1f0ece153648dd3c5d25be59a63f966b5f9e1311245c947de4506981aa
88,nginx:latest,grype,0.65.2,sha256:3f9e5487d50a65483aabb892c936a81c9d58b5986c81ac090c845c8dc3b941e0,2023-08-22 14:34:20,4,19,3,0,2,99,sha256:104c7c5c54f2685f0f46f3be607ce60da7085da3eaa5ad22d3d9f01594295e9c
89,php:latest,grype,0.65.2,sha256:3f9e5487d50a65483aabb892c936a81c9d58b5986c81ac090c845c8dc3b941e0,2023-08-22 14:34:24,4,38,21,0,8,285,sha256:887c97a638b86bd22c1b8e1b4b69fd0e5ccf9ebb02aaef71ec773e9dce67dfed
90,cgr.dev/chainguard/go:latest,grype,0.65.2,sha256:434869a7acf5304046dc38b507bedeed74f21a59dd5ae3c81914ec10e6f18e2e,2023-08-21 14:34:13,0,0,0,0,0,0,sha256:eb2d1372867b054146bcd0035a83772f486f01f7f0a05ac35f0866fe87264741
91,cgr.dev/chainguard/nginx:latest,grype,0.65.2,sha256:434869a7acf5304046dc38b507bedeed74f21a59dd5ae3c81914ec10e6f18e2e,2023-08-21 14:34:30,0,0,0,0,0,0,sha256:2657483c7b49835f770adc159c59356ea574a1715e51acb7b7d2b1709acd510a
92,cgr.dev/chainguard/php:latest,grype,0.65.2,sha256:434869a7acf5304046dc38b507bedeed74f21a59dd5ae3c81914ec10e6f18e2e,2023-08-21 14:34:33,0,0,0,0,0,0,sha256:85040c15866963b405bcb4493ee63a312bed915c64b16d717d6f09d8f8674cd4
93,golang:latest,grype,0.65.2,sha256:434869a7acf5304046dc38b507bedeed74f21a59dd5ae3c81914ec10e6f18e2e,2023-08-21 14:34:43,6,42,26,2,9,318,sha256:b490ae1f0ece153648dd3c5d25be59a63f966b5f9e1311245c947de4506981aa
94,nginx:latest,grype,0.65.2,sha256:434869a7acf5304046dc38b507bedeed74f21a59dd5ae3c81914ec10e6f18e2e,2023-08-21 14:35:04,4,19,3,0,2,99,sha256:104c7c5c54f2685f0f46f3be607ce60da7085da3eaa5ad22d3d9f01594295e9c
95,php:latest,grype,0.65.2,sha256:434869a7acf5304046dc38b507bedeed74f21a59dd5ae3c81914ec10e6f18e2e,2023-08-21 14:35:11,4,38,20,0,9,285,sha256:887c97a638b86bd22c1b8e1b4b69fd0e5ccf9ebb02aaef71ec773e9dce67dfed
96,cgr.dev/chainguard/go:latest,grype,0.65.2,sha256:cba2198fa4d87adc8206ea00d147b67bdde41352578cf7b17ac7175b0f6a7752,2023-08-20 14:33:44,0,0,0,0,0,0,sha256:eb2d1372867b054146bcd0035a83772f486f01f7f0a05ac35f0866fe87264741
97,cgr.dev/chainguard/nginx:latest,grype,0.65.2,sha256:cba2198fa4d87adc8206ea00d147b67bdde41352578cf7b17ac7175b0f6a7752,2023-08-20 14:33:58,0,0,0,0,0,0,sha256:2657483c7b49835f770adc159c59356ea574a1715e51acb7b7d2b1709acd510a
98,cgr.dev/chainguard/php:latest,grype,0.65.2,sha256:cba2198fa4d87adc8206ea00d147b67bdde41352578cf7b17ac7175b0f6a7752,2023-08-20 14:34:00,0,0,0,0,0,0,sha256:85040c15866963b405bcb4493ee63a312bed915c64b16d717d6f09d8f8674cd4
99,golang:latest,grype,0.65.2,sha256:cba2198fa4d87adc8206ea00d147b67bdde41352578cf7b17ac7175b0f6a7752,2023-08-20 14:34:08,6,42,26,2,9,318,sha256:b490ae1f0ece153648dd3c5d25be59a63f966b5f9e1311245c947de4506981aa
100,nginx:latest,grype,0.65.2,sha256:cba2198fa4d87adc8206ea00d147b67bdde41352578cf7b17ac7175b0f6a7752,2023-08-20 14:34:24,4,19,3,0,2,99,sha256:104c7c5c54f2685f0f46f3be607ce60da7085da3eaa5ad22d3d9f01594295e9c
101,php:latest,grype,0.65.2,sha256:cba2198fa4d87adc8206ea00d147b67bdde41352578cf7b17ac7175b0f6a7752,2023-08-20 14:34:29,4,38,20,0,9,285,sha256:887c97a638b86bd22c1b8e1b4b69fd0e5ccf9ebb02aaef71ec773e9dce67dfed
102,cgr.dev/chainguard/go:latest,grype,0.65.2,sha256:003f8fa4c2375a7967c8304965b70e966685a2f2a0cd80a0fac513bf094668e4,2023-08-19 14:33:33,0,0,0,0,0,0,sha256:eb2d1372867b054146bcd0035a83772f486f01f7f0a05ac35f0866fe87264741
103,cgr.dev/chainguard/nginx:latest,grype,0.65.2,sha256:003f8fa4c2375a7967c8304965b70e966685a2f2a0cd80a0fac513bf094668e4,2023-08-19 14:33:48,0,0,0,0,0,0,sha256:2657483c7b49835f770adc159c59356ea574a1715e51acb7b7d2b1709acd510a
104,cgr.dev/chainguard/php:latest,grype,0.65.2,sha256:003f8fa4c2375a7967c8304965b70e966685a2f2a0cd80a0fac513bf094668e4,2023-08-19 14:33:50,0,0,0,0,0,0,sha256:85040c15866963b405bcb4493ee63a312bed915c64b16d717d6f09d8f8674cd4
105,golang:latest,grype,0.65.2,sha256:003f8fa4c2375a7967c8304965b70e966685a2f2a0cd80a0fac513bf094668e4,2023-08-19 14:33:57,6,42,26,2,9,318,sha256:b490ae1f0ece153648dd3c5d25be59a63f966b5f9e1311245c947de4506981aa
106,nginx:latest,grype,0.65.2,sha256:003f8fa4c2375a7967c8304965b70e966685a2f2a0cd80a0fac513bf094668e4,2023-08-19 14:34:11,4,19,3,0,2,99,sha256:104c7c5c54f2685f0f46f3be607ce60da7085da3eaa5ad22d3d9f01594295e9c
107,php:latest,grype,0.65.2,sha256:003f8fa4c2375a7967c8304965b70e966685a2f2a0cd80a0fac513bf094668e4,2023-08-19 14:34:15,4,38,20,0,9,285,sha256:887c97a638b86bd22c1b8e1b4b69fd0e5ccf9ebb02aaef71ec773e9dce67dfed
108,cgr.dev/chainguard/go:latest,grype,0.65.2,sha256:f38fb71840a041472f11517e4d30c942b12522bf7ba8344c3b0a9936a26ad465,2023-08-18 14:34:01,0,0,0,0,0,0,sha256:eb2d1372867b054146bcd0035a83772f486f01f7f0a05ac35f0866fe87264741
109,cgr.dev/chainguard/nginx:latest,grype,0.65.2,sha256:f38fb71840a041472f11517e4d30c942b12522bf7ba8344c3b0a9936a26ad465,2023-08-18 14:34:18,0,0,0,0,0,0,sha256:2657483c7b49835f770adc159c59356ea574a1715e51acb7b7d2b1709acd510a
110,cgr.dev/chainguard/php:latest,grype,0.65.2,sha256:f38fb71840a041472f11517e4d30c942b12522bf7ba8344c3b0a9936a26ad465,2023-08-18 14:34:24,0,0,0,0,0,0,sha256:85040c15866963b405bcb4493ee63a312bed915c64b16d717d6f09d8f8674cd4
111,golang:latest,grype,0.65.2,sha256:f38fb71840a041472f11517e4d30c942b12522bf7ba8344c3b0a9936a26ad465,2023-08-18 14:34:32,6,42,26,2,9,318,sha256:b490ae1f0ece153648dd3c5d25be59a63f966b5f9e1311245c947de4506981aa
112,nginx:latest,grype,0.65.2,sha256:f38fb71840a041472f11517e4d30c942b12522bf7ba8344c3b0a9936a26ad465,2023-08-18 14:34:53,4,19,3,0,2,99,sha256:104c7c5c54f2685f0f46f3be607ce60da7085da3eaa5ad22d3d9f01594295e9c
113,php:latest,grype,0.65.2,sha256:f38fb71840a041472f11517e4d30c942b12522bf7ba8344c3b0a9936a26ad465,2023-08-18 14:34:59,4,38,20,0,9,285,sha256:887c97a638b86bd22c1b8e1b4b69fd0e5ccf9ebb02aaef71ec773e9dce67dfed
114,cgr.dev/chainguard/go:latest,grype,0.65.1,sha256:e4b5a04ddc4130340ba0f37680c998fe2fab987e932bd1e7ea8562c8a449fbea,2023-08-17 14:33:42,0,0,0,0,0,0,sha256:5b38eade1728ebe11473c832176e080e4baae756ef1f324e6712075b26bf111c
115,cgr.dev/chainguard/nginx:latest,grype,0.65.1,sha256:e4b5a04ddc4130340ba0f37680c998fe2fab987e932bd1e7ea8562c8a449fbea,2023-08-17 14:33:55,0,0,0,0,0,0,sha256:2657483c7b49835f770adc159c59356ea574a1715e51acb7b7d2b1709acd510a
116,cgr.dev/chainguard/php:latest,grype,0.65.1,sha256:e4b5a04ddc4130340ba0f37680c998fe2fab987e932bd1e7ea8562c8a449fbea,2023-08-17 14:33:58,0,0,0,0,0,0,sha256:85040c15866963b405bcb4493ee63a312bed915c64b16d717d6f09d8f8674cd4
117,golang:latest,grype,0.65.1,sha256:e4b5a04ddc4130340ba0f37680c998fe2fab987e932bd1e7ea8562c8a449fbea,2023-08-17 14:34:05,6,42,26,2,9,318,sha256:b490ae1f0ece153648dd3c5d25be59a63f966b5f9e1311245c947de4506981aa
118,nginx:latest,grype,0.65.1,sha256:e4b5a04ddc4130340ba0f37680c998fe2fab987e932bd1e7ea8562c8a449fbea,2023-08-17 14:34:20,4,19,3,0,2,99,sha256:13d22ec63300e16014d4a42aed735207a8b33c223cff19627dd3042e5a10a3a0
119,php:latest,grype,0.65.1,sha256:e4b5a04ddc4130340ba0f37680c998fe2fab987e932bd1e7ea8562c8a449fbea,2023-08-17 14:34:24,4,38,20,0,9,285,sha256:6832edf1ccadcab4e627d98ce3d6262235fbd03d5b2409ca96988a1ea79fb6c9
120,cgr.dev/chainguard/go:latest,grype,0.65.1,sha256:b1c281566a0c58f50fe11d5c030d079d74a927680c91ae3b9fbdf7d8b24e19be,2023-08-16 14:33:43,0,0,0,0,0,0,sha256:5b38eade1728ebe11473c832176e080e4baae756ef1f324e6712075b26bf111c
121,cgr.dev/chainguard/nginx:latest,grype,0.65.1,sha256:b1c281566a0c58f50fe11d5c030d079d74a927680c91ae3b9fbdf7d8b24e19be,2023-08-16 14:33:57,0,0,0,0,0,0,sha256:2657483c7b49835f770adc159c59356ea574a1715e51acb7b7d2b1709acd510a
122,cgr.dev/chainguard/php:latest,grype,0.65.1,sha256:b1c281566a0c58f50fe11d5c030d079d74a927680c91ae3b9fbdf7d8b24e19be,2023-08-16 14:34:28,0,0,0,0,0,0,sha256:85040c15866963b405bcb4493ee63a312bed915c64b16d717d6f09d8f8674cd4
123,golang:latest,grype,0.65.1,sha256:b1c281566a0c58f50fe11d5c030d079d74a927680c91ae3b9fbdf7d8b24e19be,2023-08-16 14:34:40,6,44,26,2,10,321,sha256:a820bbba79cb17845f259d86b5342a4854b1f62b654172b68ba7446bd9c1319e
124,nginx:latest,grype,0.65.1,sha256:b1c281566a0c58f50fe11d5c030d079d74a927680c91ae3b9fbdf7d8b24e19be,2023-08-16 14:34:55,4,19,3,0,2,99,sha256:13d22ec63300e16014d4a42aed735207a8b33c223cff19627dd3042e5a10a3a0
125,php:latest,grype,0.65.1,sha256:b1c281566a0c58f50fe11d5c030d079d74a927680c91ae3b9fbdf7d8b24e19be,2023-08-16 14:35:01,4,38,20,0,9,285,sha256:6832edf1ccadcab4e627d98ce3d6262235fbd03d5b2409ca96988a1ea79fb6c9
126,cgr.dev/chainguard/go:latest,grype,0.65.1,sha256:7b45add7106fe9fac48be7ee826e7972348bb7d82833c89ec511a154e276f89c,2023-08-15 14:33:44,0,0,0,0,0,0,sha256:5b38eade1728ebe11473c832176e080e4baae756ef1f324e6712075b26bf111c
127,cgr.dev/chainguard/nginx:latest,grype,0.65.1,sha256:7b45add7106fe9fac48be7ee826e7972348bb7d82833c89ec511a154e276f89c,2023-08-15 14:33:58,0,0,0,0,0,0,sha256:2657483c7b49835f770adc159c59356ea574a1715e51acb7b7d2b1709acd510a
128,cgr.dev/chainguard/php:latest,grype,0.65.1,sha256:7b45add7106fe9fac48be7ee826e7972348bb7d82833c89ec511a154e276f89c,2023-08-15 14:34:00,0,0,0,0,0,0,sha256:85040c15866963b405bcb4493ee63a312bed915c64b16d717d6f09d8f8674cd4
129,golang:latest,grype,0.65.1,sha256:7b45add7106fe9fac48be7ee826e7972348bb7d82833c89ec511a154e276f89c,2023-08-15 14:34:09,6,40,26,2,14,321,sha256:ec457a2fcd235259273428a24e09900c496d0c52207266f96a330062a01e3622
130,nginx:latest,grype,0.65.1,sha256:7b45add7106fe9fac48be7ee826e7972348bb7d82833c89ec511a154e276f89c,2023-08-15 14:34:25,4,15,3,0,6,99,sha256:67f9a4f10d147a6e04629340e6493c9703300ca23a2f7f3aa56fe615d75d31ca
131,php:latest,grype,0.65.1,sha256:7b45add7106fe9fac48be7ee826e7972348bb7d82833c89ec511a154e276f89c,2023-08-15 14:34:30,4,36,20,0,14,288,sha256:45b392e9f04685ad9cb0c95c4017e1a6485508686616685b07976012cec200e3
132,cgr.dev/chainguard/go:latest,grype,0.65.1,sha256:1b5acd666ed66e01142426ba8ca382308bb85e81bd763ec9f190119a18a09468,2023-08-14 14:34:11,0,1,0,0,0,1,sha256:5b38eade1728ebe11473c832176e080e4baae756ef1f324e6712075b26bf111c
133,cgr.dev/chainguard/nginx:latest,grype,0.65.1,sha256:1b5acd666ed66e01142426ba8ca382308bb85e81bd763ec9f190119a18a09468,2023-08-14 14:34:28,0,0,0,0,0,0,sha256:2657483c7b49835f770adc159c59356ea574a1715e51acb7b7d2b1709acd510a
134,cgr.dev/chainguard/php:latest,grype,0.65.1,sha256:1b5acd666ed66e01142426ba8ca382308bb85e81bd763ec9f190119a18a09468,2023-08-14 14:34:32,0,0,0,0,0,0,sha256:85040c15866963b405bcb4493ee63a312bed915c64b16d717d6f09d8f8674cd4
135,golang:latest,grype,0.65.1,sha256:1b5acd666ed66e01142426ba8ca382308bb85e81bd763ec9f190119a18a09468,2023-08-14 14:34:42,6,40,26,2,13,320,sha256:ec457a2fcd235259273428a24e09900c496d0c52207266f96a330062a01e3622
136,nginx:latest,grype,0.65.1,sha256:1b5acd666ed66e01142426ba8ca382308bb85e81bd763ec9f190119a18a09468,2023-08-14 14:35:03,4,15,3,0,6,99,sha256:67f9a4f10d147a6e04629340e6493c9703300ca23a2f7f3aa56fe615d75d31ca
137,php:latest,grype,0.65.1,sha256:1b5acd666ed66e01142426ba8ca382308bb85e81bd763ec9f190119a18a09468,2023-08-14 14:35:10,4,36,20,0,13,287,sha256:45b392e9f04685ad9cb0c95c4017e1a6485508686616685b07976012cec200e3
138,cgr.dev/chainguard/go:latest,grype,0.65.1,sha256:188b39a4c9ce41ef1103a63809c76d7d9d49213dc7266f208600e565e6cb8e26,2023-08-13 14:33:40,0,1,0,0,0,1,sha256:5b38eade1728ebe11473c832176e080e4baae756ef1f324e6712075b26bf111c
139,cgr.dev/chainguard/nginx:latest,grype,0.65.1,sha256:188b39a4c9ce41ef1103a63809c76d7d9d49213dc7266f208600e565e6cb8e26,2023-08-13 14:33:55,0,0,0,0,0,0,sha256:2657483c7b49835f770adc159c59356ea574a1715e51acb7b7d2b1709acd510a
140,cgr.dev/chainguard/php:latest,grype,0.65.1,sha256:188b39a4c9ce41ef1103a63809c76d7d9d49213dc7266f208600e565e6cb8e26,2023-08-13 14:33:58,0,0,0,0,0,0,sha256:85040c15866963b405bcb4493ee63a312bed915c64b16d717d6f09d8f8674cd4
141,golang:latest,grype,0.65.1,sha256:188b39a4c9ce41ef1103a63809c76d7d9d49213dc7266f208600e565e6cb8e26,2023-08-13 14:34:06,6,40,26,2,13,320,sha256:ec457a2fcd235259273428a24e09900c496d0c52207266f96a330062a01e3622
142,nginx:latest,grype,0.65.1,sha256:188b39a4c9ce41ef1103a63809c76d7d9d49213dc7266f208600e565e6cb8e26,2023-08-13 14:34:21,4,15,3,0,6,99,sha256:67f9a4f10d147a6e04629340e6493c9703300ca23a2f7f3aa56fe615d75d31ca
143,php:latest,grype,0.65.1,sha256:188b39a4c9ce41ef1103a63809c76d7d9d49213dc7266f208600e565e6cb8e26,2023-08-13 14:34:26,4,36,20,0,13,287,sha256:45b392e9f04685ad9cb0c95c4017e1a6485508686616685b07976012cec200e3
144,cgr.dev/chainguard/go:latest,grype,0.65.1,sha256:e8732df0efc21fa60ddd2ea442e577108a08bb9a5fa6f72b7789271158edbc90,2023-08-12 14:34:06,0,1,0,0,0,1,sha256:1ac00386193121474f21862fd70eb1b26b3af054c5e4ec946cd61c937388617e
145,cgr.dev/chainguard/nginx:latest,grype,0.65.1,sha256:e8732df0efc21fa60ddd2ea442e577108a08bb9a5fa6f72b7789271158edbc90,2023-08-12 14:34:23,0,0,0,0,0,0,sha256:2657483c7b49835f770adc159c59356ea574a1715e51acb7b7d2b1709acd510a
146,cgr.dev/chainguard/php:latest,grype,0.65.1,sha256:e8732df0efc21fa60ddd2ea442e577108a08bb9a5fa6f72b7789271158edbc90,2023-08-12 14:34:26,0,0,0,0,0,0,sha256:85040c15866963b405bcb4493ee63a312bed915c64b16d717d6f09d8f8674cd4
147,golang:latest,grype,0.65.1,sha256:e8732df0efc21fa60ddd2ea442e577108a08bb9a5fa6f72b7789271158edbc90,2023-08-12 14:34:36,6,40,26,2,13,320,sha256:ec457a2fcd235259273428a24e09900c496d0c52207266f96a330062a01e3622
148,nginx:latest,grype,0.65.1,sha256:e8732df0efc21fa60ddd2ea442e577108a08bb9a5fa6f72b7789271158edbc90,2023-08-12 14:34:56,4,15,3,0,6,99,sha256:67f9a4f10d147a6e04629340e6493c9703300ca23a2f7f3aa56fe615d75d31ca
149,php:latest,grype,0.65.1,sha256:e8732df0efc21fa60ddd2ea442e577108a08bb9a5fa6f72b7789271158edbc90,2023-08-12 14:35:02,4,36,20,0,13,287,sha256:45b392e9f04685ad9cb0c95c4017e1a6485508686616685b07976012cec200e3
150,cgr.dev/chainguard/go:latest,grype,0.65.1,sha256:708aa1eb5c402463f560ee074c02985054fa503524ac04a1b923fafc295dbc41,2023-08-11 14:34:04,0,0,0,0,0,0,sha256:8864ff1cd54f5819063ea23133a9f03d7626cec7e9fba8efa7004c71176adc48
151,cgr.dev/chainguard/nginx:latest,grype,0.65.1,sha256:708aa1eb5c402463f560ee074c02985054fa503524ac04a1b923fafc295dbc41,2023-08-11 14:34:24,0,0,0,0,0,0,sha256:2657483c7b49835f770adc159c59356ea574a1715e51acb7b7d2b1709acd510a
152,cgr.dev/chainguard/php:latest,grype,0.65.1,sha256:708aa1eb5c402463f560ee074c02985054fa503524ac04a1b923fafc295dbc41,2023-08-11 14:34:27,0,0,0,0,0,0,sha256:85040c15866963b405bcb4493ee63a312bed915c64b16d717d6f09d8f8674cd4
153,golang:latest,grype,0.65.1,sha256:708aa1eb5c402463f560ee074c02985054fa503524ac04a1b923fafc295dbc41,2023-08-11 14:34:37,6,38,26,2,14,319,sha256:ec457a2fcd235259273428a24e09900c496d0c52207266f96a330062a01e3622
154,nginx:latest,grype,0.65.1,sha256:708aa1eb5c402463f560ee074c02985054fa503524ac04a1b923fafc295dbc41,2023-08-11 14:34:57,4,15,3,0,6,99,sha256:67f9a4f10d147a6e04629340e6493c9703300ca23a2f7f3aa56fe615d75d31ca
155,php:latest,grype,0.65.1,sha256:708aa1eb5c402463f560ee074c02985054fa503524ac04a1b923fafc295dbc41,2023-08-11 14:35:03,4,35,20,0,14,287,sha256:45b392e9f04685ad9cb0c95c4017e1a6485508686616685b07976012cec200e3
156,cgr.dev/chainguard/go:latest,grype,0.65.1,sha256:131a6eb534808dd7e0057de8e6855fad983884231512a2fa4cd5fbb5afb5cd72,2023-08-10 14:33:59,0,0,0,0,0,0,sha256:8864ff1cd54f5819063ea23133a9f03d7626cec7e9fba8efa7004c71176adc48
157,cgr.dev/chainguard/nginx:latest,grype,0.65.1,sha256:131a6eb534808dd7e0057de8e6855fad983884231512a2fa4cd5fbb5afb5cd72,2023-08-10 14:34:13,0,0,0,0,0,0,sha256:2657483c7b49835f770adc159c59356ea574a1715e51acb7b7d2b1709acd510a
158,cgr.dev/chainguard/php:latest,grype,0.65.1,sha256:131a6eb534808dd7e0057de8e6855fad983884231512a2fa4cd5fbb5afb5cd72,2023-08-10 14:34:15,0,0,0,0,0,0,sha256:85040c15866963b405bcb4493ee63a312bed915c64b16d717d6f09d8f8674cd4
159,golang:latest,grype,0.65.1,sha256:131a6eb534808dd7e0057de8e6855fad983884231512a2fa4cd5fbb5afb5cd72,2023-08-10 14:34:23,6,37,25,2,14,317,sha256:ec457a2fcd235259273428a24e09900c496d0c52207266f96a330062a01e3622
160,nginx:latest,grype,0.65.1,sha256:131a6eb534808dd7e0057de8e6855fad983884231512a2fa4cd5fbb5afb5cd72,2023-08-10 14:34:37,4,15,3,0,6,99,sha256:67f9a4f10d147a6e04629340e6493c9703300ca23a2f7f3aa56fe615d75d31ca
161,php:latest,grype,0.65.1,sha256:131a6eb534808dd7e0057de8e6855fad983884231512a2fa4cd5fbb5afb5cd72,2023-08-10 14:34:41,4,36,19,0,14,287,sha256:45b392e9f04685ad9cb0c95c4017e1a6485508686616685b07976012cec200e3
162,cgr.dev/chainguard/go:latest,grype,0.65.1,sha256:08fd957c86b585813ae5cf51733d534024df992bd4aa3f64081f337ce5cbf5b7,2023-08-09 14:34:10,0,0,0,0,0,0,sha256:8864ff1cd54f5819063ea23133a9f03d7626cec7e9fba8efa7004c71176adc48
163,cgr.dev/chainguard/nginx:latest,grype,0.65.1,sha256:08fd957c86b585813ae5cf51733d534024df992bd4aa3f64081f337ce5cbf5b7,2023-08-09 14:34:25,0,0,0,0,0,0,sha256:2657483c7b49835f770adc159c59356ea574a1715e51acb7b7d2b1709acd510a
164,cgr.dev/chainguard/php:latest,grype,0.65.1,sha256:08fd957c86b585813ae5cf51733d534024df992bd4aa3f64081f337ce5cbf5b7,2023-08-09 14:34:27,0,0,0,0,0,0,sha256:85040c15866963b405bcb4493ee63a312bed915c64b16d717d6f09d8f8674cd4
165,golang:latest,grype,0.65.1,sha256:08fd957c86b585813ae5cf51733d534024df992bd4aa3f64081f337ce5cbf5b7,2023-08-09 14:34:34,6,36,25,2,13,315,sha256:a0e3e6859220ee48340c5926794ce87a891a1abb51530573c694317bf8f72543
166,nginx:latest,grype,0.65.1,sha256:08fd957c86b585813ae5cf51733d534024df992bd4aa3f64081f337ce5cbf5b7,2023-08-09 14:34:48,4,15,3,0,6,99,sha256:67f9a4f10d147a6e04629340e6493c9703300ca23a2f7f3aa56fe615d75d31ca
167,php:latest,grype,0.65.1,sha256:08fd957c86b585813ae5cf51733d534024df992bd4aa3f64081f337ce5cbf5b7,2023-08-09 14:34:52,4,35,19,0,13,285,sha256:45b392e9f04685ad9cb0c95c4017e1a6485508686616685b07976012cec200e3
168,cgr.dev/chainguard/go:latest,grype,0.65.1,sha256:20b0a31d433279802531567a21986e1c9b7fb5efd6bcf8cdbd3abd04f71ae35c,2023-08-08 14:33:44,0,0,0,0,0,0,sha256:8864ff1cd54f5819063ea23133a9f03d7626cec7e9fba8efa7004c71176adc48
169,cgr.dev/chainguard/nginx:latest,grype,0.65.1,sha256:20b0a31d433279802531567a21986e1c9b7fb5efd6bcf8cdbd3abd04f71ae35c,2023-08-08 14:33:59,0,0,0,0,0,0,sha256:2657483c7b49835f770adc159c59356ea574a1715e51acb7b7d2b1709acd510a
170,cgr.dev/chainguard/php:latest,grype,0.65.1,sha256:20b0a31d433279802531567a21986e1c9b7fb5efd6bcf8cdbd3abd04f71ae35c,2023-08-08 14:34:01,0,0,0,0,0,0,sha256:85040c15866963b405bcb4493ee63a312bed915c64b16d717d6f09d8f8674cd4
171,golang:latest,grype,0.65.1,sha256:20b0a31d433279802531567a21986e1c9b7fb5efd6bcf8cdbd3abd04f71ae35c,2023-08-08 14:34:09,6,34,25,2,10,310,sha256:bc5f0b5e43282627279fe5262ae275fecb3d2eae3b33977a7fd200c7a760d6f1
172,nginx:latest,grype,0.65.1,sha256:20b0a31d433279802531567a21986e1c9b7fb5efd6bcf8cdbd3abd04f71ae35c,2023-08-08 14:34:25,4,13,3,0,8,99,sha256:67f9a4f10d147a6e04629340e6493c9703300ca23a2f7f3aa56fe615d75d31ca
173,php:latest,grype,0.65.1,sha256:20b0a31d433279802531567a21986e1c9b7fb5efd6bcf8cdbd3abd04f71ae35c,2023-08-08 14:34:30,4,33,19,0,10,280,sha256:45b392e9f04685ad9cb0c95c4017e1a6485508686616685b07976012cec200e3
174,cgr.dev/chainguard/go:latest,grype,0.65.1,sha256:4e144d019c46271a80ec250661c7993cfc38c8de21b7be2473cdf5c91da2809a,2023-08-07 14:33:27,0,0,0,0,0,0,sha256:8864ff1cd54f5819063ea23133a9f03d7626cec7e9fba8efa7004c71176adc48
175,cgr.dev/chainguard/nginx:latest,grype,0.65.1,sha256:4e144d019c46271a80ec250661c7993cfc38c8de21b7be2473cdf5c91da2809a,2023-08-07 14:33:41,0,0,0,0,0,0,sha256:2657483c7b49835f770adc159c59356ea574a1715e51acb7b7d2b1709acd510a
176,cgr.dev/chainguard/php:latest,grype,0.65.1,sha256:4e144d019c46271a80ec250661c7993cfc38c8de21b7be2473cdf5c91da2809a,2023-08-07 14:33:44,0,0,0,0,0,0,sha256:85040c15866963b405bcb4493ee63a312bed915c64b16d717d6f09d8f8674cd4
177,golang:latest,grype,0.65.1,sha256:4e144d019c46271a80ec250661c7993cfc38c8de21b7be2473cdf5c91da2809a,2023-08-07 14:33:51,6,32,24,2,7,304,sha256:bc5f0b5e43282627279fe5262ae275fecb3d2eae3b33977a7fd200c7a760d6f1
178,nginx:latest,grype,0.65.1,sha256:4e144d019c46271a80ec250661c7993cfc38c8de21b7be2473cdf5c91da2809a,2023-08-07 14:34:05,4,13,3,0,4,95,sha256:67f9a4f10d147a6e04629340e6493c9703300ca23a2f7f3aa56fe615d75d31ca
179,php:latest,grype,0.65.1,sha256:4e144d019c46271a80ec250661c7993cfc38c8de21b7be2473cdf5c91da2809a,2023-08-07 14:34:09,4,31,18,0,7,274,sha256:45b392e9f04685ad9cb0c95c4017e1a6485508686616685b07976012cec200e3
